COMUNE,COD_ISTAT_COMUNE,PROVINCIA,DATA_ADESIONE_PREVISTA,DATA_ADESIONE
AGRIGENTO,084001,AGRIGENTO,24-10-2024,24-10-2024
ACQUI TERME,006001,ALESSANDRIA,12-05-2025,12-05-2025
ALESSANDRIA,006003,ALESSANDRIA,31-10-2025,
ALFIANO NATTA,006004,ALESSANDRIA,23-05-2025,23-05-2025
ALICE BEL COLLE,006005,ALESSANDRIA,04-06-2025,
BALZOLA,006011,ALESSANDRIA,13-06-2025,
BORGHETTO DI BORBERA,006018,ALESSANDRIA,28-04-2025,28-04-2025
CASSINE,006043,ALESSANDRIA,01-10-2025,
CASSINELLE,006044,ALESSANDRIA,16-06-2025,
CAVATORE,006055,ALESSANDRIA,13-01-2025,13-01-2025
CELLA MONTE,006056,ALESSANDRIA,03-12-2024,03-12-2024
CERESETO,006057,ALESSANDRIA,30-05-2025,
GABIANO,006077,ALESSANDRIA,01-07-2025,
GAMALERO,006078,ALESSANDRIA,22-04-2025,22-04-2025
GAVI,006081,ALESSANDRIA,20-09-2025,
GROGNARDO,006084,ALESSANDRIA,26-05-2025,26-05-2025
GUAZZORA,006086,ALESSANDRIA,06-12-2024,06-12-2024
MALVICINO,006090,ALESSANDRIA,15-04-2025,15-04-2025
MERANA,006093,ALESSANDRIA,13-01-2025,13-01-2025
MIRABELLO MONFERRATO,006094,ALESSANDRIA,22-07-2025,
MONTECHIARO D'ACQUI,006106,ALESSANDRIA,04-12-2024,04-12-2024
MORANO SUL PO,006109,ALESSANDRIA,14-04-2025,14-04-2025
MURISENGO,006113,ALESSANDRIA,18-09-2025,
ODALENGO PICCOLO,006117,ALESSANDRIA,26-11-2024,26-11-2024
OZZANO MONFERRATO,006123,ALESSANDRIA,16-04-2025,16-04-2025
POMARO MONFERRATO,006131,ALESSANDRIA,31-03-2025,31-03-2025
PONTESTURA,006133,ALESSANDRIA,01-07-2025,
POZZOLO FORMIGARO,006138,ALESSANDRIA,01-09-2025,
PRASCO,006139,ALESSANDRIA,17-06-2025,
RICALDONE,006143,ALESSANDRIA,01-07-2025,
ROCCA GRIMALDA,006147,ALESSANDRIA,15-04-2025,15-04-2025
SERRALUNGA DI CREA,006159,ALESSANDRIA,03-06-2025,
VALMACCA,006178,ALESSANDRIA,01-07-2025,
VILLADEATI,006182,ALESSANDRIA,19-02-2025,19-02-2025
VISONE,006187,ALESSANDRIA,28-03-2025,28-03-2025
MAIOLATI SPONTINI,042023,ANCONA,18-12-2025,
MONTE SAN VITO,042030,ANCONA,01-04-2025,01-04-2025
MORRO D'ALBA,042031,ANCONA,31-08-2025,
ROSORA,042040,ANCONA,08-04-2025,08-04-2025
SIROLO,042048,ANCONA,20-05-2025,20-05-2025
ARNAD,007004,AOSTA,19-05-2025,19-05-2025
AYAS,007007,AOSTA,01-09-2025,
BARD,007009,AOSTA,16-04-2025,16-05-2025
BIONAZ,007010,AOSTA,07-07-2025,
BRISSOGNE,007011,AOSTA,18-06-2025,
BRUSSON,007012,AOSTA,22-07-2025,
CHALLAND-SAINT-ANSELME,007013,AOSTA,18-06-2025,
CHALLAND-SAINT-VICTOR,007014,AOSTA,24-07-2025,
CHAMPDEPRAZ,007017,AOSTA,14-07-2025,
CHAMPORCHER,007018,AOSTA,01-04-2025,01-04-2025
CHARVENSOD,007019,AOSTA,18-07-2025,
CHÂTILLON,007020,AOSTA,09-10-2025,
COURMAYEUR,007022,AOSTA,24-07-2025,
DOUES,007024,AOSTA,08-09-2025,
EMARÈSE,007025,AOSTA,07-07-2025,
ETROUBLES,007026,AOSTA,16-06-2025,
GABY,007029,AOSTA,10-06-2025,
GRESSAN,007031,AOSTA,10-10-2025,
GRESSONEY-LA-TRINITÉ,007032,AOSTA,11-06-2025,
GRESSONEY-SAINT-JEAN,007033,AOSTA,11-07-2025,
HÔNE,007034,AOSTA,12-06-2025,
INTROD,007035,AOSTA,07-05-2025,07-05-2025
ISSIME,007036,AOSTA,08-07-2025,
ISSOGNE,007037,AOSTA,09-07-2025,
LA MAGDELEINE,007039,AOSTA,12-08-2025,
LA SALLE,007040,AOSTA,28-07-2025,
LA THUILE,007041,AOSTA,29-07-2025,
MONTJOVET,007043,AOSTA,18-06-2025,
OLLOMONT,007046,AOSTA,09-09-2025,
PONT-SAINT-MARTIN,007052,AOSTA,15-07-2025,
PONTBOSET,007050,AOSTA,20-05-2025,20-05-2025
QUART,007054,AOSTA,02-09-2025,
RHÊMES-NOTRE-DAME,007055,AOSTA,05-05-2025,05-05-2025
RHÊMES-SAINT-GEORGES,007056,AOSTA,15-07-2025,
ROISAN,007057,AOSTA,26-08-2025,
SAINT-DENIS,007059,AOSTA,16-07-2025,
SAINT-RHÉMY-EN-BOSSES,007064,AOSTA,30-10-2025,
SAINT-VINCENT,007065,AOSTA,01-08-2025,
VALPELLINE,007069,AOSTA,09-07-2025,
VALTOURNENCHE,007071,AOSTA,12-06-2025,
VERRAYES,007072,AOSTA,30-04-2025,30-04-2025
VERRÈS,007073,AOSTA,30-07-2025,
VILLENEUVE,007074,AOSTA,14-07-2025,
CASTEL FOCOGNANO,051008,AREZZO,17-06-2025,
CASTELFRANCO PIANDISCÒ,051040,AREZZO,18-06-2025,
CASTIGLION FIBOCCHI,051011,AREZZO,11-03-2025,11-03-2025
PIEVE SANTO STEFANO,051030,AREZZO,20-10-2024,
SUBBIANO,051037,AREZZO,15-05-2025,15-05-2025
ACQUASANTA TERME,044001,ASCOLI PICENO,15-07-2025,
COSSIGNANO,044016,ASCOLI PICENO,26-06-2025,
CUPRA MARITTIMA,044017,ASCOLI PICENO,15-05-2025,15-05-2025
GROTTAMMARE,044023,ASCOLI PICENO,27-08-2025,
MONTEDINOVE,044034,ASCOLI PICENO,30-05-2025,
PALMIANO,044056,ASCOLI PICENO,04-07-2025,
AGLIANO TERME,005001,ASTI,03-07-2025,
BELVEGLIO,005008,ASTI,20-08-2025,
BERZANO DI SAN PIETRO,005009,ASTI,06-05-2025,06-05-2025
CALAMANDRANA,005013,ASTI,09-07-2025,
CAMERANO CASASCO,005016,ASTI,15-05-2025,15-05-2025
CANELLI,005017,ASTI,05-05-2025,05-05-2025
CAPRIGLIO,005019,ASTI,17-04-2025,17-04-2025
CASORZO MONFERRATO,005020,ASTI,05-12-2024,05-12-2024
CASTAGNOLE MONFERRATO,005023,ASTI,15-01-2025,15-01-2025
CASTELNUOVO DON BOSCO,005031,ASTI,16-04-2025,16-04-2025
CINAGLIO,005039,ASTI,31-07-2025,
CORTANDONE,005045,ASTI,10-07-2025,
DUSINO SAN MICHELE,005052,ASTI,31-10-2025,
MARETTO,005062,ASTI,05-05-2025,05-05-2025
MOMBARUZZO,005065,ASTI,01-07-2025,
MOMBERCELLI,005066,ASTI,15-09-2025,
MONASTERO BORMIDA,005068,ASTI,07-05-2025,
MONCUCCO TORINESE,005070,ASTI,21-02-2025,21-02-2025
MORANSENGO-TONENGO,005122,ASTI,01-09-2025,
NIZZA MONFERRATO,005080,ASTI,03-07-2025,
OLMO GENTILE,005081,ASTI,14-05-2025,14-05-2025
PENANGO,005083,ASTI,19-12-2024,19-12-2024
PINO D'ASTI,005085,ASTI,18-06-2025,
ROCCA D'ARAZZO,005093,ASTI,18-12-2024,18-12-2024
ROCCAVERANO,005094,ASTI,25-06-2025,
ROCCHETTA PALAFEA,005095,ASTI,02-07-2025,
ROCCHETTA TANARO,005096,ASTI,08-05-2025,08-05-2025
SAN PAOLO SOLBRITO,005101,ASTI,06-07-2025,
SOGLIO,005107,ASTI,14-05-2025,14-05-2025
VILLANOVA D'ASTI,005118,ASTI,13-06-2025,
AQUILONIA,064004,AVELLINO,14-05-2025,14-05-2025
BONITO,064012,AVELLINO,04-07-2025,
FLUMERI,064032,AVELLINO,15-04-2025,15-04-2025
FRIGENTO,064035,AVELLINO,10-04-2025,10-04-2025
GESUALDO,064036,AVELLINO,26-06-2025,
QUADRELLE,064076,AVELLINO,05-06-2025,
SAN SOSSIO BARONIA,064087,AVELLINO,02-04-2025,02-04-2025
SANT'ANGELO A SCALA,064091,AVELLINO,15-05-2025,15-05-2025
SORBO SERPICO,064102,AVELLINO,20-08-2025,
STURNO,064104,AVELLINO,17-06-2025,
CAPURSO,072014,BARI,11-12-2024,11-12-2024
ARSIÈ,025004,BELLUNO,03-09-2025,
COLLE SANTA LUCIA,025014,BELLUNO,14-05-2025,14-05-2025
FONZASO,025022,BELLUNO,24-06-2025,
LAMON,025026,BELLUNO,07-06-2025,
SAN VITO DI CADORE,025051,BELLUNO,06-08-2025,
APOLLOSA,062004,BENEVENTO,08-07-2025,
SAN BARTOLOMEO IN GALDO,062057,BENEVENTO,07-05-2025,07-05-2025
ADRARA SAN MARTINO,016001,BERGAMO,04-09-2025,
ALBANO SANT'ALESSANDRO,016003,BERGAMO,21-05-2025,21-05-2025
ANTEGNATE,016010,BERGAMO,09-12-2025,
AZZANO SAN PAOLO,016016,BERGAMO,15-12-2025,
BERBENNO,016023,BERGAMO,16-04-2025,16-04-2025
BONATE SOTTO,016031,BERGAMO,04-07-2025,
BOSSICO,016033,BERGAMO,25-06-2025,
BOTTANUCO,016034,BERGAMO,15-07-2025,
BREMBATE,016037,BERGAMO,10-06-2025,
CALCIO,016044,BERGAMO,21-05-2025,21-05-2025
CAPRIATE SAN GERVASIO,016051,BERGAMO,15-09-2025,
CASTRO,016065,BERGAMO,16-09-2025,
CAVERNAGO,016066,BERGAMO,24-07-2025,
CAZZANO SANT'ANDREA,016067,BERGAMO,31-07-2025,
CUSIO,016090,BERGAMO,25-06-2025,
ENDINE GAIANO,016093,BERGAMO,08-09-2024,
LEVATE,016126,BERGAMO,04-03-2025,04-03-2025
MONTELLO,016139,BERGAMO,31-07-2025,
NEMBRO,016144,BERGAMO,30-07-2025,
PARRE,016158,BERGAMO,27-05-2025,27-05-2025
PEDRENGO,016160,BERGAMO,11-04-2025,11-04-2025
PREMOLO,016175,BERGAMO,01-08-2025,
RONCOLA,016185,BERGAMO,22-07-2025,
SAN PELLEGRINO TERME,016190,BERGAMO,14-05-2025,14-05-2025
SOLTO COLLINA,016200,BERGAMO,01-10-2025,
STEZZANO,016207,BERGAMO,24-09-2025,
TORRE DE' BUSI,016215,BERGAMO,31-03-2025,31-03-2025
TREVIGLIO,016219,BERGAMO,20-09-2025,
URGNANO,016222,BERGAMO,21-08-2025,
VALBREMBO,016224,BERGAMO,26-06-2025,
VEDESETA,016230,BERGAMO,27-06-2025,
VILLA D'OGNA,016241,BERGAMO,06-06-2025,
VILLONGO,016242,BERGAMO,20-01-2025,20-01-2025
ZANDOBBIO,016244,BERGAMO,01-01-2026,
ZANICA,016245,BERGAMO,16-07-2025,
BENNA,096003,BIELLA,01-07-2025,
BIOGLIO,096005,BIELLA,24-04-2025,24-04-2025
BORRIANA,096006,BIELLA,10-06-2025,
BRUSNENGO,096007,BIELLA,14-07-2025,
CAMPIGLIA CERVO,096086,BIELLA,24-09-2025,
CASTELLETTO CERVO,096015,BIELLA,10-03-2025,10-03-2025
CERRIONE,096018,BIELLA,01-07-2025,
COGGIOLA,096019,BIELLA,28-04-2025,28-04-2025
GIFFLENGA,096027,BIELLA,07-03-2025,07-03-2025
GRAGLIA,096028,BIELLA,01-07-2025,
MASSAZZA,096031,BIELLA,01-09-2025,
MASSERANO,096032,BIELLA,01-07-2025,
MEZZANA MORTIGLIENGO,096033,BIELLA,26-06-2025,
MOTTALCIATA,096037,BIELLA,23-07-2025,
MUZZANO,096038,BIELLA,17-07-2025,
NETRO,096039,BIELLA,21-11-2024,21-11-2024
OCCHIEPPO INFERIORE,096040,BIELLA,01-09-2025,
PIEDICAVALLO,096044,BIELLA,30-06-2025,
POLLONE,096046,BIELLA,25-06-2025,
PORTULA,096048,BIELLA,08-05-2025,08-05-2025
PRALUNGO,096049,BIELLA,28-05-2025,28-05-2025
QUAREGNA CERRETO,096087,BIELLA,01-10-2025,
SAGLIANO MICCA,096056,BIELLA,17-06-2025,
SALA BIELLESE,096057,BIELLA,24-03-2025,24-03-2025
SANDIGLIANO,096059,BIELLA,25-06-2025,
SORDEVOLO,096063,BIELLA,17-06-2025,
SOSTEGNO,096064,BIELLA,30-05-2025,
STRONA,096065,BIELLA,14-11-2024,14-11-2024
TORRAZZO,096069,BIELLA,28-03-2025,28-03-2025
VALDENGO,096071,BIELLA,23-06-2025,
VALLE SAN NICOLAO,096074,BIELLA,10-07-2025,
VIGLIANO BIELLESE,096077,BIELLA,17-06-2025,
VILLA DEL BOSCO,096078,BIELLA,12-06-2025,
VILLANOVA BIELLESE,096079,BIELLA,28-02-2025,28-02-2025
ZUBIENA,096082,BIELLA,23-05-2025,23-05-2025
DOZZA,037025,BOLOGNA,23-09-2025,
MORDANO,037045,BOLOGNA,23-09-2025,
SAN LAZZARO DI SAVENA,037054,BOLOGNA,31-10-2023,31-10-2023
ACQUAFREDDA,017001,BRESCIA,08-04-2025,08-04-2025
AGNOSINE,017003,BRESCIA,26-03-2025,26-03-2025
BARGHE,017012,BRESCIA,02-04-2025,02-04-2025
BEDIZZOLE,017014,BRESCIA,17-06-2025,
BERZO INFERIORE,017017,BRESCIA,02-07-2025,
BIONE,017019,BRESCIA,15-04-2025,15-04-2025
BORGO SAN GIACOMO,017020,BRESCIA,18-04-2025,18-04-2025
BORGOSATOLLO,017021,BRESCIA,05-03-2025,05-03-2025
BORNO,017022,BRESCIA,11-06-2025,
BOVEZZO,017025,BRESCIA,07-05-2025,07-05-2025
CAPO DI PONTE,017035,BRESCIA,18-06-2025,
CAPOVALLE,017036,BRESCIA,26-03-2025,26-03-2025
CASTENEDOLO,017043,BRESCIA,09-07-2025,
CASTO,017044,BRESCIA,29-04-2025,29-04-2025
CERVENO,017049,BRESCIA,18-06-2025,
CIMBERGO,017054,BRESCIA,14-04-2025,14-04-2025
DESENZANO DEL GARDA,017067,BRESCIA,18-03-2025,18-03-2025
ESINE,017070,BRESCIA,14-05-2025,14-05-2025
GARGNANO,017076,BRESCIA,20-06-2025,
GAVARDO,017077,BRESCIA,09-05-2025,09-05-2025
GIANICO,017079,BRESCIA,23-07-2025,
GUSSAGO,017081,BRESCIA,26-06-2025,
IDRO,017082,BRESCIA,01-04-2025,01-04-2025
LAVENONE,017087,BRESCIA,23-06-2025,
LOSINE,017094,BRESCIA,18-06-2025,
MARONE,017106,BRESCIA,28-08-2025,
MAZZANO,017107,BRESCIA,23-04-2025,23-04-2025
MUSCOLINE,017116,BRESCIA,28-05-2025,28-05-2025
NIARDO,017118,BRESCIA,16-04-2025,16-04-2025
NUVOLENTO,017119,BRESCIA,18-04-2025,18-04-2025
NUVOLERA,017120,BRESCIA,18-04-2025,18-04-2025
ODOLO,017121,BRESCIA,18-03-2025,18-03-2025
ONO SAN PIETRO,017124,BRESCIA,18-06-2025,
ORZINUOVI,017125,BRESCIA,31-12-2025,
OSSIMO,017128,BRESCIA,24-06-2025,
PADERNO FRANCIACORTA,017130,BRESCIA,01-10-2025,
PAITONE,017132,BRESCIA,02-04-2025,02-04-2025
PASSIRANO,017136,BRESCIA,29-09-2025,
PERTICA ALTA,017139,BRESCIA,08-04-2025,08-04-2025
PERTICA BASSA,017140,BRESCIA,08-04-2025,08-04-2025
POLPENAZZE DEL GARDA,017145,BRESCIA,19-02-2025,19-02-2025
POMPIANO,017146,BRESCIA,05-09-2025,
PRESEGLIE,017153,BRESCIA,15-04-2025,15-04-2025
PROVAGLIO VAL SABBIA,017157,BRESCIA,02-04-2025,02-04-2025
REZZATO,017161,BRESCIA,04-07-2025,
ROÈ VOLCIANO,017164,BRESCIA,27-03-2025,27-03-2025
SALE MARASINO,017169,BRESCIA,08-04-2025,08-04-2025
SAREZZO,017174,BRESCIA,23-06-2025,
SAVIORE DELL'ADAMELLO,017175,BRESCIA,27-06-2025,
SERLE,017178,BRESCIA,05-05-2025,05-05-2025
SIRMIONE,017179,BRESCIA,01-09-2025,
SULZANO,017182,BRESCIA,25-06-2025,
TREMOSINE SUL GARDA,017189,BRESCIA,31-07-2025,
TRENZANO,017190,BRESCIA,29-10-2025,
TREVISO BRESCIANO,017191,BRESCIA,24-03-2025,24-03-2025
VALLIO TERME,017193,BRESCIA,09-04-2025,09-04-2025
VESTONE,017197,BRESCIA,30-04-2025,30-04-2025
VILLA CARCINA,017199,BRESCIA,25-06-2025,
VILLANUOVA SUL CLISI,017201,BRESCIA,08-07-2025,
VOBARNO,017204,BRESCIA,12-05-2025,12-05-2025
CELLINO SAN MARCO,074004,BRINDISI,16-06-2025,
LATIANO,074009,BRINDISI,28-05-2025,28-05-2025
TORCHIAROLO,074018,BRINDISI,16-04-2025,16-04-2025
DECIMOMANNU,092015,CAGLIARI,10-07-2025,
BUTERA,085003,CALTANISSETTA,19-06-2025,
MARIANOPOLI,085008,CALTANISSETTA,13-05-2025,13-05-2025
SOMMATINO,085019,CALTANISSETTA,18-06-2025,
SUTERA,085020,CALTANISSETTA,01-10-2025,
CAMPOCHIARO,070007,CAMPOBASSO,05-06-2025,
CAMPODIPIETRA,070008,CAMPOBASSO,23-07-2025,
CASTROPIGNANO,070016,CAMPOBASSO,02-09-2025,
CIVITACAMPOMARANO,070019,CAMPOBASSO,05-09-2025,
GUARDIAREGIA,070028,CAMPOBASSO,11-04-2025,11-04-2025
LIMOSANO,070032,CAMPOBASSO,16-05-2025,16-05-2025
MAFALDA,070036,CAMPOBASSO,13-06-2025,
PORTOCANNONE,070055,CAMPOBASSO,17-06-2025,
ROCCAVIVARA,070060,CAMPOBASSO,11-07-2025,
SANTA CROCE DI MAGLIANO,070072,CAMPOBASSO,18-06-2025,
TERMOLI,070078,CAMPOBASSO,10-09-2025,
TORO,070080,CAMPOBASSO,03-07-2025,
VINCHIATURO,070084,CAMPOBASSO,21-05-2025,21-05-2025
CASAPULLA,061021,CASERTA,13-06-2025,
FONTEGRECA,061034,CASERTA,15-07-2025,
FORMICOLA,061035,CASERTA,04-04-2025,04-04-2025
GALLO MATESE,061038,CASERTA,16-07-2025,
LIBERI,061045,CASERTA,08-05-2025,08-05-2025
PIANA DI MONTE VERNA,061056,CASERTA,01-10-2025,
PIETRAMELARA,061058,CASERTA,25-06-2025,
SESSA AURUNCA,061088,CASERTA,19-06-2025,
MANIACE,087057,CATANIA,15-07-2025,
CANOSA SANNITA,069010,CHIETI,24-07-2025,
CASTEL FRENTANO,069018,CHIETI,03-07-2025,
CASTELGUIDONE,069019,CHIETI,03-07-2025,
FARA FILIORUM PETRI,069030,CHIETI,04-07-2025,
FRAINE,069034,CHIETI,04-04-2025,04-04-2025
GISSI,069041,CHIETI,19-06-2025,
PAGLIETA,069059,CHIETI,19-06-2025,
ROCCA SAN GIOVANNI,069074,CHIETI,29-05-2025,29-05-2025
ROCCASPINALVETI,069076,CHIETI,28-07-2025,
TORNARECCIO,069092,CHIETI,17-07-2025,
ALBESE CON CASSANO,013004,COMO,06-05-2025,06-05-2025
ALBIOLO,013005,COMO,15-05-2025,15-05-2025
ANZANO DEL PARCO,013009,COMO,10-09-2025,
BEREGAZZO CON FIGLIARO,013022,COMO,06-05-2025,06-05-2025
CADORAGO,013036,COMO,27-08-2025,
CAMPIONE D'ITALIA,013040,COMO,17-04-2025,17-04-2025
CASSINA RIZZARDI,013055,COMO,09-04-2025,
CASTELMARTE,013058,COMO,23-04-2025,23-04-2025
CENTRO VALLE INTELVI,013254,COMO,10-04-2025,10-04-2025
CERANO D'INTELVI,013063,COMO,20-10-2025,
CERNOBBIO,013065,COMO,12-03-2025,12-03-2025
DIZZASCO,013087,COMO,05-06-2025,
DOMASO,013089,COMO,22-05-2025,22-05-2025
DONGO,013090,COMO,29-04-2025,29-04-2025
DOSSO DEL LIRO,013092,COMO,30-04-2025,30-04-2025
EUPILIO,013097,COMO,18-06-2025,
GERA LARIO,013107,COMO,05-05-2025,05-05-2025
GRANDATE,013110,COMO,14-05-2025,14-05-2025
LAINO,013120,COMO,16-04-2025,16-04-2025
LEZZENO,013126,COMO,11-04-2025,11-04-2025
LOMAZZO,013133,COMO,12-12-2024,12-12-2024
MARIANO COMENSE,013143,COMO,01-01-2026,
MOLTRASIO,013152,COMO,15-04-2025,15-04-2025
MONGUZZO,013153,COMO,21-07-2025,
MONTORFANO,013157,COMO,28-05-2025,28-05-2025
PIANELLO DEL LARIO,013183,COMO,06-06-2025,
PROSERPIO,013192,COMO,01-08-2025,
ROVELLO PORRO,013202,COMO,11-03-2025,11-03-2025
SAN FERMO DELLA BATTAGLIA,013206,COMO,28-03-2025,02-04-2025
SOLBIATE CON CAGNO,013255,COMO,27-02-2025,27-02-2025
COLOSIMI,078043,COSENZA,28-08-2025,
CROSIA,078047,COSENZA,01-04-2025,01-04-2025
LAINO CASTELLO,078064,COSENZA,24-07-2025,
PALUDI,078089,COSENZA,12-06-2025,
CAPRALBA,019015,CREMONA,13-05-2025,13-05-2025
CICOGNOLO,019030,CREMONA,03-09-2025,
CREMOSANO,019037,CREMONA,10-09-2025,
CUMIGNANO SUL NAVIGLIO,019039,CREMONA,20-05-2025,20-05-2025
DOVERA,019041,CREMONA,30-09-2025,
GENIVOLTA,019047,CREMONA,14-05-2025,14-05-2025
MADIGNANO,019055,CREMONA,25-06-2025,
PADERNO PONCHIELLI,019065,CREMONA,28-05-2025,28-05-2025
PIEVE D'OLMI,019074,CREMONA,08-07-2025,
RIPALTA GUERINA,019082,CREMONA,26-09-2025,
SPINADESCO,019100,CREMONA,08-05-2025,08-05-2025
TRIGOLO,019110,CREMONA,05-06-2025,
VAILATE,019112,CREMONA,30-09-2025,
PETILIA POLICASTRO,101017,CROTONE,31-12-2025,
AISONE,004002,CUNEO,29-11-2024,29-11-2024
ALBARETTO DELLA TORRE,004004,CUNEO,01-09-2025,
ARGENTERA,004006,CUNEO,22-05-2025,22-05-2025
BAGNASCO,004008,CUNEO,13-06-2025,
BAGNOLO PIEMONTE,004009,CUNEO,27-06-2025,
BALDISSERO D'ALBA,004010,CUNEO,29-09-2025,
BARGE,004012,CUNEO,28-05-2025,28-05-2025
BAROLO,004013,CUNEO,08-07-2025,
BASTIA MONDOVÌ,004014,CUNEO,28-04-2025,28-04-2025
BONVICINO,004023,CUNEO,03-04-2025,03-04-2025
BORGOMALE,004024,CUNEO,10-07-2025,
BOSIA,004026,CUNEO,10-07-2025,
BOSSOLASCO,004027,CUNEO,11-12-2024,11-12-2024
BRIGA ALTA,004031,CUNEO,30-07-2025,
BUSCA,004034,CUNEO,06-05-2025,06-05-2025
CARAGLIO,004040,CUNEO,12-05-2025,12-05-2025
CARAMAGNA PIEMONTE,004041,CUNEO,15-09-2025,
CARRÙ,004043,CUNEO,02-07-2024,02-07-2024
CASALGRASSO,004045,CUNEO,01-07-2025,
CASTELDELFINO,004047,CUNEO,06-05-2025,06-05-2025
CASTELLETTO UZZONE,004050,CUNEO,02-07-2025,
CASTIGLIONE TINELLA,004056,CUNEO,19-06-2025,
CAVALLERLEONE,004058,CUNEO,21-07-2025,
CERESOLE ALBA,004062,CUNEO,01-04-2025,01-04-2025
CERRETTO LANGHE,004063,CUNEO,01-09-2025,
CERVASCA,004064,CUNEO,16-12-2024,16-12-2024
CERVERE,004065,CUNEO,14-07-2025,
CORTEMILIA,004073,CUNEO,02-04-2025,02-04-2025
ENTRACQUE,004084,CUNEO,23-12-2024,23-12-2024
FAULE,004087,CUNEO,15-09-2025,
FEISOGLIO,004088,CUNEO,18-03-2025,18-03-2025
FRABOSA SOPRANA,004090,CUNEO,22-07-2025,
FRASSINO,004092,CUNEO,06-05-2025,06-05-2025
GAIOLA,004093,CUNEO,19-12-2024,19-12-2024
GARESSIO,004095,CUNEO,18-07-2025,
GENOLA,004096,CUNEO,17-06-2025,
GRINZANE CAVOUR,004100,CUNEO,25-08-2025,
LEVICE,004109,CUNEO,01-07-2025,
MAGLIANO ALPI,004114,CUNEO,12-03-2024,12-03-2024
MANGO,004115,CUNEO,06-05-2025,06-05-2025
MOIOLA,004123,CUNEO,28-02-2025,28-02-2025
MOMBARCARO,004124,CUNEO,28-11-2024,28-11-2024
MONASTERO DI VASCO,004126,CUNEO,30-04-2025,30-04-2025
MONASTEROLO CASOTTO,004127,CUNEO,15-11-2024,15-11-2024
MONCHIERO,004129,CUNEO,07-07-2025,
MURAZZANO,004145,CUNEO,03-06-2025,
MURELLO,004146,CUNEO,24-06-2025,
NEVIGLIE,004149,CUNEO,01-07-2025,
NIELLA BELBO,004150,CUNEO,14-05-2025,14-05-2025
NOVELLO,004152,CUNEO,13-08-2025,
ONCINO,004154,CUNEO,01-04-2025,01-04-2025
PAROLDO,004160,CUNEO,14-04-2025,14-04-2025
PEZZOLO VALLE UZZONE,004164,CUNEO,23-12-2024,23-12-2024
PIANFEI,004165,CUNEO,29-08-2025,
PONTECHIANALE,004172,CUNEO,12-06-2025,
RITTANA,004182,CUNEO,15-01-2025,15-01-2025
ROBILANTE,004185,CUNEO,28-08-2025,
ROCCAFORTE MONDOVÌ,004190,CUNEO,16-06-2025,
ROCCHETTA BELBO,004193,CUNEO,19-12-2024,19-12-2024
RODDI,004194,CUNEO,19-06-2025,
RODDINO,004195,CUNEO,23-06-2025,
SALE SAN GIOVANNI,004200,CUNEO,01-07-2025,
SALMOUR,004202,CUNEO,27-05-2025,27-05-2025
SANFRÈ,004208,CUNEO,21-07-2025,
SCARNAFIGI,004217,CUNEO,10-09-2025,
SERRAVALLE LANGHE,004219,CUNEO,23-06-2025,
SINIO,004220,CUNEO,30-04-2025,30-04-2025
SOMANO,004221,CUNEO,01-11-2025,
TARANTASCA,004225,CUNEO,08-10-2025,
TORRE MONDOVÌ,004227,CUNEO,31-07-2025,
TRINITÀ,004232,CUNEO,25-11-2024,25-11-2024
VALDIERI,004233,CUNEO,25-06-2025,
VALLORIATE,004235,CUNEO,05-12-2024,05-12-2024
VILLAFALLETTO,004244,CUNEO,24-09-2025,
FERMO,109006,FERMO,11-08-2025,
MONSAMPIETRO MORICO,109012,FERMO,02-07-2025,
MONTE VIDON CORRADO,109026,FERMO,12-06-2025,
MONTEGIORGIO,109017,FERMO,22-07-2025,
MONTELEONE DI FERMO,109019,FERMO,22-07-2025,
PORTO SANT'ELPIDIO,109034,FERMO,30-06-2025,
CODIGORO,038005,FERRARA,05-03-2025,05-03-2025
COPPARO,038007,FERRARA,25-09-2025,
MESOLA,038014,FERRARA,23-04-2025,23-04-2025
VIGARANO MAINARDA,038022,FERRARA,25-06-2025,
DICOMANO,048013,FIRENZE,11-06-2025,
FIRENZE,048017,FIRENZE,24-10-2025,
IMPRUNETA,048022,FIRENZE,15-05-2025,15-05-2025
MONTESPERTOLI,048030,FIRENZE,08-05-2025,08-05-2025
PELAGO,048032,FIRENZE,23-07-2025,
SIGNA,048044,FIRENZE,17-04-2025,17-04-2025
CASTELLUCCIO DEI SAURI,071015,FOGGIA,20-06-2025,
CHIEUTI,071021,FOGGIA,15-04-2025,15-04-2025
LUCERA,071028,FOGGIA,28-09-2025,
RIGNANO GARGANICO,071041,FOGGIA,31-10-2025,
RODI GARGANICO,071043,FOGGIA,21-05-2025,21-05-2025
BAGNO DI ROMAGNA,040001,FORLI'-CESENA,01-07-2025,
SARSINA,040044,FORLI'-CESENA,25-06-2025,
ARNARA,060009,FROSINONE,20-06-2025,
FONTANA LIRI,060036,FROSINONE,08-07-2025,
PASTENA,060047,FROSINONE,15-10-2025,
CAMOGLI,010007,GENOVA,13-06-2025,
GORRETO,010026,GENOVA,04-07-2025,
MASONE,010032,GENOVA,09-09-2025,
NEIRONE,010041,GENOVA,18-07-2025,
RECCO,010047,GENOVA,25-06-2025,
VOBBIA,010066,GENOVA,20-06-2025,
CORMONS,031002,GORIZIA,02-11-2025,
DOBERDÒ DEL LAGO-DOBERDOB,031003,GORIZIA,10-06-2025,
FOGLIANO REDIPUGLIA,031006,GORIZIA,01-10-2025,
GRADO,031009,GORIZIA,22-09-2025,
CASTEL DEL PIANO,053004,GROSSETO,10-08-2025,
MONTE ARGENTARIO,053016,GROSSETO,03-09-2025,
ROCCALBEGNA,053020,GROSSETO,17-06-2025,
CAMPOROSSO,008011,IMPERIA,31-07-2025,
VENTIMIGLIA,008065,IMPERIA,14-10-2025,
CASTELVERRINO,094013,ISERNIA,06-05-2025,06-05-2025
MACCHIA D'ISERNIA,094025,ISERNIA,24-06-2025,
MACCHIAGODENA,094026,ISERNIA,04-04-2025,04-04-2025
MONTENERO VAL COCCHIARA,094029,ISERNIA,30-07-2025,
PIZZONE,094036,ISERNIA,24-07-2025,
SAN PIETRO AVELLANA,094043,ISERNIA,12-06-2025,
BALSORANO,066007,L'AQUILA,12-05-2025,12-05-2025
CIVITELLA ALFEDENA,066035,L'AQUILA,11-06-2025,
FAGNANO ALTO,066042,L'AQUILA,03-04-2025,03-04-2025
MAGLIANO DE' MARSI,066053,L'AQUILA,06-06-2025,
MONTEREALE,066056,L'AQUILA,08-05-2025,
PACENTRO,066066,L'AQUILA,01-07-2025,
PIZZOLI,066072,L'AQUILA,01-08-2025,
ARCOLA,011002,LA SPEZIA,15-09-2025,
RICCÒ DEL GOLFO DI SPEZIA,011023,LA SPEZIA,26-06-2025,
ZIGNAGO,011032,LA SPEZIA,05-09-2025,
APRILIA,059001,LATINA,20-11-2025,
ALESSANO,075002,LECCE,24-03-2025,24-03-2025
ANDRANO,075005,LECCE,01-07-2025,
CASARANO,075016,LECCE,30-04-2025,
CASTRI DI LECCE,075017,LECCE,20-02-2025,20-02-2025
COLLEPASSO,075021,LECCE,27-03-2025,27-03-2025
CORIGLIANO D'OTRANTO,075023,LECCE,01-04-2025,01-04-2025
CORSANO,075024,LECCE,12-06-2025,
CUTROFIANO,075026,LECCE,10-06-2025,
GAGLIANO DEL CAPO,075028,LECCE,30-09-2025,
GIUGGIANELLO,075032,LECCE,25-03-2025,25-03-2025
MAGLIE,075039,LECCE,14-05-2025,14-05-2025
MARTIGNANO,075041,LECCE,01-07-2025,
MIGGIANO,075046,LECCE,27-05-2025,27-05-2025
MONTESANO SALENTINO,075049,LECCE,10-04-2025,10-04-2025
MORCIANO DI LEUCA,075050,LECCE,30-06-2025,
NOVOLI,075055,LECCE,15-07-2025,
SAN DONATO DI LECCE,075069,LECCE,02-05-2025,02-05-2025
SANNICOLA,075070,LECCE,02-04-2025,02-04-2025
SECLÌ,075074,LECCE,15-04-2025,15-04-2025
SPECCHIA,075077,LECCE,09-04-2025,09-04-2025
SPONGANO,075078,LECCE,16-06-2025,
SUPERSANO,075081,LECCE,03-04-2025,03-04-2025
TAURISANO,075084,LECCE,22-04-2025,22-04-2025
TAVIANO,075085,LECCE,16-12-2024,
TIGGIANO,075086,LECCE,30-09-2025,
BALLABIO,097004,LECCO,29-04-2025,29-04-2025
BARZIO,097007,LECCO,07-05-2025,07-05-2025
CASSINA VALSASSINA,097018,LECCO,10-09-2025,
CERNUSCO LOMBARDONE,097020,LECCO,14-11-2025,
CESANA BRIANZA,097021,LECCO,02-07-2025,
CREMENO,097029,LECCO,14-05-2025,14-05-2025
DORIO,097032,LECCO,06-05-2025,06-05-2025
ELLO,097033,LECCO,01-07-2025,
LECCO,097042,LECCO,11-12-2025,
MALGRATE,097045,LECCO,30-09-2025,
MORTERONE,097055,LECCO,22-05-2025,22-05-2025
SIRTORI,097076,LECCO,15-04-2025,15-04-2025
VIGANÒ,097090,LECCO,17-04-2025,17-04-2025
MARCIANA MARINA,049011,LIVORNO,27-05-2025,27-05-2025
PORTO AZZURRO,049013,LIVORNO,01-07-2025,
ROSIGNANO MARITTIMO,049017,LIVORNO,31-10-2023,31-10-2023
CASALETTO LODIGIANO,098008,LODI,02-10-2025,
CASELLE LANDI,098011,LODI,31-12-2025,
CASELLE LURANI,098012,LODI,01-10-2025,
CASTELNUOVO BOCCA D'ADDA,098013,LODI,09-04-2025,
CORNOVECCHIO,098023,LODI,18-07-2025,
LODI,098031,LODI,17-09-2025,
MERLINO,098039,LODI,24-06-2025,
BORGO A MOZZANO,046004,LUCCA,08-05-2025,08-05-2025
CASTELNUOVO DI GARFAGNANA,046009,LUCCA,17-04-2025,17-04-2025
MASSAROSA,046018,LUCCA,01-01-2025,01-01-2025
PESCAGLIA,046022,LUCCA,26-02-2025,26-02-2025
STAZZEMA,046030,LUCCA,19-12-2024,19-12-2024
CINGOLI,043012,MACERATA,18-09-2025,
MATELICA,043024,MACERATA,10-04-2025,10-04-2025
SERRAPETRONA,043051,MACERATA,18-06-2025,
ASOLA,020002,MANTOVA,26-06-2025,
BORGO VIRGILIO,020071,MANTOVA,30-04-2025,30-04-2025
CASTEL D'ARIO,020014,MANTOVA,18-06-2025,
CERESARA,020019,MANTOVA,17-07-2025,
GOITO,020026,MANTOVA,19-09-2025,
GONZAGA,020027,MANTOVA,26-05-2025,26-05-2025
MARCARIA,020031,MANTOVA,18-02-2025,18-02-2025
MARIANA MANTOVANA,020032,MANTOVA,20-03-2025,20-03-2025
MOGLIA,020035,MANTOVA,09-05-2025,09-05-2025
MOTTEGGIANA,020037,MANTOVA,01-10-2025,
PEGOGNAGA,020039,MANTOVA,20-06-2025,
PIUBEGA,020041,MANTOVA,22-07-2025,
ROVERBELLA,020053,MANTOVA,17-05-2025,19-05-2025
SABBIONETA,020054,MANTOVA,17-12-2024,17-12-2024
SAN BENEDETTO PO,020055,MANTOVA,08-05-2025,15-05-2025
SUZZARA,020065,MANTOVA,23-05-2025,
ZERI,045017,MASSA E CARRARA,13-06-2025,
IRSINA,077013,MATERA,07-03-2025,07-03-2025
TRICARICO,077028,MATERA,27-05-2025,27-05-2025
CASTEL DI LUCIO,083013,MESSINA,04-07-2025,
GIOIOSA MAREA,083033,MESSINA,01-01-2026,
ARESE,015009,MILANO,01-10-2025,
BERNATE TICINO,015019,MILANO,09-12-2024,09-12-2024
BINASCO,015024,MILANO,30-06-2025,
CASSINETTA DI LUGAGNANO,015061,MILANO,25-07-2025,
CESATE,015076,MILANO,02-09-2025,
CORSICO,015093,MILANO,17-09-2025,
GAGGIANO,015103,MILANO,05-05-2025,05-05-2025
LAINATE,015116,MILANO,25-03-2025,25-03-2025
MAGNAGO,015131,MILANO,01-07-2025,
MORIMONDO,015150,MILANO,03-07-2025,
NOSATE,015155,MILANO,16-12-2024,16-12-2024
PIOLTELLO,015175,MILANO,11-06-2025,
POGLIANO MILANESE,015176,MILANO,07-10-2025,
ROZZANO,015189,MILANO,20-05-2025,20-05-2025
SAN ZENONE AL LAMBRO,015202,MILANO,11-06-2025,
VILLA CORTESE,015248,MILANO,23-09-2025,
CAMPOGALLIANO,036003,MODENA,18-12-2024,18-12-2024
CARPI,036005,MODENA,20-11-2024,20-11-2024
FANANO,036011,MODENA,12-05-2025,12-05-2025
LAMA MOCOGNO,036018,MODENA,11-12-2024,11-12-2024
POLINAGO,036032,MODENA,04-12-2024,04-12-2024
SOLIERA,036044,MODENA,04-12-2024,04-12-2024
BELLUSCO,108006,MONZA E DELLA BRIANZA,11-09-2025,
BOVISIO-MASCIAGO,108010,MONZA E DELLA BRIANZA,04-07-2025,
CAVENAGO DI BRIANZA,108017,MONZA E DELLA BRIANZA,01-07-2025,
COGLIATE,108020,MONZA E DELLA BRIANZA,10-04-2025,10-04-2025
CONCOREZZO,108021,MONZA E DELLA BRIANZA,22-05-2025,22-05-2025
LESMO,108026,MONZA E DELLA BRIANZA,04-09-2025,
LISSONE,108028,MONZA E DELLA BRIANZA,12-12-2023,12-12-2023
ORNAGO,108036,MONZA E DELLA BRIANZA,03-04-2025,03-04-2025
RONCELLO,108055,MONZA E DELLA BRIANZA,23-06-2025,
SEREGNO,108039,MONZA E DELLA BRIANZA,11-12-2024,11-12-2024
VEDUGGIO CON COLZANO,108047,MONZA E DELLA BRIANZA,12-05-2025,12-05-2025
CARDITO,063016,NAPOLI,24-07-2025,
COMIZIANO,063029,NAPOLI,18-06-2025,
NAPOLI,063049,NAPOLI,15-09-2025,
PIMONTE,063054,NAPOLI,14-05-2025,14-05-2025
SAN GIORGIO A CREMANO,063067,NAPOLI,03-10-2025,
STRIANO,063081,NAPOLI,01-07-2025,
BIANDRATE,003018,NOVARA,26-06-2025,
BORGOLAVEZZARO,003023,NOVARA,22-07-2025,
BRIGA NOVARESE,003026,NOVARA,28-10-2025,
CASALINO,003040,NOVARA,11-07-2025,
NIBBIOLA,003104,NOVARA,01-07-2025,
OLEGGIO CASTELLO,003109,NOVARA,23-06-2025,
PARUZZARO,003114,NOVARA,15-09-2025,
PELLA,003115,NOVARA,15-09-2025,
PETTENASCO,003116,NOVARA,01-09-2025,
SAN MAURIZIO D'OPAGLIO,003133,NOVARA,01-08-2025,
SOZZAGO,003141,NOVARA,25-03-2025,25-03-2025
VINZAGLIO,003164,NOVARA,03-07-2025,
ARITZO,091001,NUORO,19-05-2025,19-05-2025
BAUNEI,091006,NUORO,03-07-2025,
BELVÌ,091007,NUORO,04-03-2025,04-03-2025
JERZU,091035,NUORO,30-04-2025,30-04-2025
LOCERI,091039,NUORO,11-06-2025,
ORTUERI,091066,NUORO,02-07-2025,
ALBAGIARA,095003,ORISTANO,23-05-2025,23-05-2025
ALES,095004,ORISTANO,24-06-2025,
BONARCADO,095015,ORISTANO,31-12-2025,
BORONEDDU,095016,ORISTANO,16-11-2024,
CABRAS,095018,ORISTANO,09-12-2024,09-12-2024
CUGLIERI,095019,ORISTANO,23-04-2025,23-04-2025
FLUSSIO,095080,ORISTANO,01-01-2026,
MOGORELLA,095028,ORISTANO,01-08-2025,
OLLASTRA,095037,ORISTANO,29-05-2025,29-05-2025
PALMAS ARBOREA,095039,ORISTANO,18-04-2025,18-04-2025
RIOLA SARDO,095043,ORISTANO,26-05-2025,26-05-2025
SAN VERO MILIS,095050,ORISTANO,01-07-2025,
SCANO DI MONTIFERRO,095051,ORISTANO,05-05-2025,05-05-2025
SENEGHE,095053,ORISTANO,30-06-2025,
SENNARIOLO,095055,ORISTANO,02-07-2025,
SIAMAGGIORE,095056,ORISTANO,25-03-2025,25-03-2025
SIAMANNA,095057,ORISTANO,17-12-2024,17-12-2024
SIAPICCIA,095076,ORISTANO,11-12-2024,11-12-2024
SIMALA,095058,ORISTANO,09-10-2024,
TRAMATZA,095066,ORISTANO,16-06-2025,
VILLA SANT'ANTONIO,095048,ORISTANO,08-07-2025,
ZEDDIANI,095074,ORISTANO,20-06-2025,
BRUGINE,028015,PADOVA,29-07-2025,
CAMPOSAMPIERO,028019,PADOVA,26-06-2025,
CASTELBALDO,028029,PADOVA,26-08-2025,
FONTANIVA,028038,PADOVA,10-07-2025,
GRANZE,028043,PADOVA,01-07-2025,
MERLARA,028053,PADOVA,10-07-2025,
SAN GIORGIO DELLE PERTICHE,028075,PADOVA,19-08-2025,
SANT'ANGELO DI PIOVE DI SACCO,028082,PADOVA,19-06-2025,
SELVAZZANO DENTRO,028086,PADOVA,30-07-2025,
TORREGLIA,028092,PADOVA,06-08-2025,
CARINI,082021,PALERMO,01-07-2025,
CASTELDACCIA,082023,PALERMO,12-05-2025,12-05-2025
CINISI,082031,PALERMO,08-09-2025,
GIULIANA,082039,PALERMO,25-06-2025,
MONTELEPRE,082050,PALERMO,30-05-2025,
SANTA CRISTINA GELA,082066,PALERMO,31-12-2025,
NOCETO,034025,PARMA,20-05-2025,20-05-2025
POLESINE ZIBELLO,034050,PARMA,25-06-2025,
SALSOMAGGIORE TERME,034032,PARMA,01-09-2025,
SISSA TRECASALI,034049,PARMA,21-11-2024,21-11-2024
TORNOLO,034040,PARMA,08-05-2025,08-05-2025
BARBIANELLO,018008,PAVIA,01-10-2025,
BASCAPÈ,018009,PAVIA,15-07-2025,
BORGO PRIOLO,018016,PAVIA,28-03-2025,28-03-2025
BORGORATTO MORMOROLO,018017,PAVIA,09-04-2025,09-04-2025
BREME,018022,PAVIA,30-09-2025,
BRONI,018024,PAVIA,11-03-2025,11-03-2025
CALVIGNANO,018025,PAVIA,25-06-2025,
CAMPOSPINOSO ALBAREDO,018026,PAVIA,15-04-2025,15-04-2025
CANNETO PAVESE,018029,PAVIA,05-05-2025,05-05-2025
CASANOVA LONATI,018031,PAVIA,02-07-2025,
CASTANA,018036,PAVIA,07-05-2025,07-05-2025
CECIMA,018042,PAVIA,10-03-2025,10-03-2025
CERETTO LOMELLINA,018044,PAVIA,30-11-2025,
CORANA,018054,PAVIA,13-05-2025,13-05-2025
CURA CARPIGNANO,018060,PAVIA,02-04-2025,02-04-2025
FERRERA ERBOGNONE,018062,PAVIA,26-02-2025,26-02-2025
FORTUNAGO,018064,PAVIA,12-06-2025,
GODIASCO SALICE TERME,018073,PAVIA,29-04-2025,29-04-2025
GOLFERENZO,018074,PAVIA,20-03-2025,20-03-2025
INVERNO E MONTELEONE,018077,PAVIA,01-10-2025,
MARCIGNAGO,018086,PAVIA,26-11-2024,26-11-2024
MENCONICO,018089,PAVIA,14-05-2025,14-05-2025
MEZZANA RABATTONE,018091,PAVIA,11-04-2025,11-04-2025
MEZZANINO,018092,PAVIA,27-06-2025,
MONTALTO PAVESE,018094,PAVIA,06-05-2025,06-05-2025
MONTESCANO,018097,PAVIA,09-05-2025,09-05-2025
MONTESEGALE,018098,PAVIA,02-04-2025,02-04-2025
MONTICELLI PAVESE,018099,PAVIA,18-04-2025,18-04-2025
MORNICO LOSANA,018101,PAVIA,13-05-2025,13-05-2025
OTTOBIANO,018106,PAVIA,29-09-2025,
PALESTRO,018107,PAVIA,08-09-2025,
PARONA,018109,PAVIA,12-05-2025,12-05-2025
PIZZALE,018116,PAVIA,11-04-2025,11-04-2025
PONTE NIZZA,018117,PAVIA,13-03-2025,13-03-2025
REA,018119,PAVIA,13-12-2024,13-12-2024
ROCCA SUSELLA,018126,PAVIA,04-04-2025,04-04-2025
ROMAGNESE,018128,PAVIA,18-06-2025,
SANTA MARGHERITA DI STAFFORA,018142,PAVIA,20-06-2025,
SILVANO PIETRA,018149,PAVIA,29-05-2025,29-05-2025
STRADELLA,018153,PAVIA,16-06-2025,
TORRAZZA COSTE,018155,PAVIA,19-06-2025,
TORRE D'ISOLA,018159,PAVIA,13-06-2025,
TRIVOLZIO,018163,PAVIA,09-09-2025,
TROVO,018165,PAVIA,01-07-2025,
VAL DI NIZZA,018166,PAVIA,26-06-2025,
VERRUA PO,018175,PAVIA,20-12-2024,20-12-2024
VOLPARA,018183,PAVIA,12-06-2025,
ZECCONE,018185,PAVIA,24-09-2025,
CASTEL RITALDI,054008,PERUGIA,18-04-2025,18-04-2025
DERUTA,054017,PERUGIA,22-04-2025,22-04-2025
GIANO DELL'UMBRIA,054021,PERUGIA,11-07-2025,
GUALDO TADINO,054023,PERUGIA,02-07-2025,
GUBBIO,054024,PERUGIA,17-03-2025,17-03-2025
PIEGARO,054040,PERUGIA,25-07-2025,
SAN GIUSTINO,054044,PERUGIA,30-06-2025,
SCHEGGIA E PASCELUPO,054046,PERUGIA,27-05-2025,27-05-2025
TREVI,054054,PERUGIA,12-06-2025,
VALFABBRICA,054057,PERUGIA,21-05-2025,21-05-2025
COLLI AL METAURO,041069,PESARO E URBINO,03-03-2025,03-03-2025
FRATTE ROSA,041016,PESARO E URBINO,01-04-2025,01-04-2025
MOMBAROCCIO,041027,PESARO E URBINO,04-04-2025,04-04-2025
MONTE CERIGNONE,041031,PESARO E URBINO,26-09-2025,
POPOLI TERME,068033,PESCARA,15-05-2025,15-05-2025
TOCCO DA CASAURIA,068042,PESCARA,11-09-2025,
TORRE DE' PASSERI,068043,PESCARA,12-06-2025,
BORGONOVO VAL TIDONE,033006,PIACENZA,25-06-2025,
CAORSO,033010,PIACENZA,05-09-2025,
CARPANETO PIACENTINO,033011,PIACENZA,30-04-2025,30-04-2025
GROPPARELLO,033025,PIACENZA,25-06-2025,
LUGAGNANO VAL D'ARDA,033026,PIACENZA,17-07-2025,
PONTENURE,033037,PIACENZA,01-10-2025,
BIENTINA,050001,PISA,25-03-2025,25-03-2025
PONTEDERA,050029,PISA,10-12-2024,10-12-2024
MONTALE,047010,PISTOIA,13-03-2025,13-03-2025
PIEVE A NIEVOLE,047013,PISTOIA,12-03-2025,12-03-2025
PONTE BUGGIANESE,047016,PISTOIA,02-05-2025,
CORDENONS,093017,PORDENONE,06-08-2025,
ROVEREDO IN PIANO,093036,PORDENONE,09-06-2025,
SAN VITO AL TAGLIAMENTO,093041,PORDENONE,19-04-2025,
MARATEA,076044,POTENZA,03-06-2025,
MOLITERNO,076050,POTENZA,16-04-2025,
NEMOLI,076054,POTENZA,30-04-2025,30-04-2025
RAGUSA,088009,RAGUSA,12-06-2025,
BAGNACAVALLO,039002,RAVENNA,15-04-2025,15-04-2025
BAGNARA DI ROMAGNA,039003,RAVENNA,15-04-2025,15-04-2025
BRISIGHELLA,039004,RAVENNA,01-04-2025,01-04-2025
CASOLA VALSENIO,039005,RAVENNA,02-04-2025,02-04-2025
CASTEL BOLOGNESE,039006,RAVENNA,15-04-2025,15-04-2025
FAENZA,039010,RAVENNA,06-05-2025,06-05-2025
FUSIGNANO,039011,RAVENNA,16-04-2025,16-04-2025
LUGO,039012,RAVENNA,06-05-2025,06-05-2025
MASSA LOMBARDA,039013,RAVENNA,07-05-2025,07-05-2025
RAVENNA,039014,RAVENNA,24-06-2025,
RIOLO TERME,039015,RAVENNA,01-04-2025,01-04-2025
SANT'AGATA SUL SANTERNO,039017,RAVENNA,07-05-2025,07-05-2025
SOLAROLO,039018,RAVENNA,06-05-2025,06-05-2025
BORETTO,035005,REGGIO NELL'EMILIA,26-03-2025,26-03-2025
GUASTALLA,035024,REGGIO NELL'EMILIA,08-05-2025,08-05-2025
CITTAREALE,057017,RIETI,14-12-2024,
FRASSO SABINO,057030,RIETI,07-05-2025,07-05-2025
ARSOLI,058010,ROMA,18-06-2025,
CANALE MONTERANO,058016,ROMA,01-10-2025,
CAPENA,058018,ROMA,29-05-2025,29-05-2025
CASTEL SAN PIETRO ROMANO,058025,ROMA,15-07-2025,
CINETO ROMANO,058031,ROMA,02-07-2025,
GROTTAFERRATA,058046,ROMA,12-12-2023,12-12-2023
MARANO EQUO,058055,ROMA,07-05-2025,07-05-2025
MONTORIO ROMANO,058066,ROMA,01-04-2025,01-04-2025
NEMI,058070,ROMA,04-04-2025,04-04-2025
OLEVANO ROMANO,058073,ROMA,16-04-2025,16-04-2025
ROVIANO,058092,ROMA,16-06-2025,
BADIA POLESINE,029004,ROVIGO,27-08-2025,
CALTO,029008,ROVIGO,26-06-2025,
CENESELLI,029014,ROVIGO,09-07-2025,
FRASSINELLE POLESINE,029023,ROVIGO,20-08-2025,
FRATTA POLESINE,029024,ROVIGO,28-02-2025,
OCCHIOBELLO,029033,ROVIGO,16-04-2025,16-04-2025
PETTORAZZA GRIMANI,029035,ROVIGO,19-06-2025,
STIENTA,029045,ROVIGO,21-07-2025,
AMALFI,065006,SALERNO,30-06-2025,
BUCCINO,065017,SALERNO,02-04-2025,02-04-2025
CAPACCIO PAESTUM,065025,SALERNO,30-12-2024,
MONTE SAN GIACOMO,065075,SALERNO,20-06-2025,
ROCCAGLORIOSA,065107,SALERNO,01-01-2026,
SERRAMEZZANA,065139,SALERNO,27-06-2025,
TORRACA,065148,SALERNO,04-09-2025,
CODRONGIANOS,090026,SASSARI,25-06-2025,
FLORINAS,090029,SASSARI,01-01-2025,
MUROS,090043,SASSARI,26-06-2025,
TELTI,090080,SASSARI,16-07-2025,
TORRALBA,090073,SASSARI,21-07-2025,
ALBISOLA SUPERIORE,009004,SAVONA,15-10-2025,
BARDINETO,009009,SAVONA,01-06-2025,
BERGEGGI,009010,SAVONA,27-08-2025,
CALICE LIGURE,009016,SAVONA,27-08-2025,
CISANO SUL NEVA,009025,SAVONA,04-07-2025,
DEGO,009027,SAVONA,18-04-2025,18-04-2025
LAIGUEGLIA,009033,SAVONA,07-10-2025,
LOANO,009034,SAVONA,12-03-2024,12-03-2024
MASSIMINO,009037,SAVONA,14-03-2025,14-03-2025
NASINO,009041,SAVONA,16-06-2025,
ORCO FEGLINO,009044,SAVONA,27-08-2025,
PIETRA LIGURE,009049,SAVONA,18-03-2025,18-03-2025
ROCCAVIGNALE,009054,SAVONA,04-02-2025,04-02-2025
SPOTORNO,009057,SAVONA,22-05-2025,22-05-2025
TOIRANO,009061,SAVONA,30-05-2025,
VADO LIGURE,009064,SAVONA,31-03-2025,
ASCIANO,052002,SIENA,27-02-2025,27-02-2025
CASTELLINA IN CHIANTI,052005,SIENA,17-04-2025,17-04-2025
CASTELNUOVO BERARDENGA,052006,SIENA,24-07-2025,
CHIANCIANO TERME,052009,SIENA,03-04-2025,03-04-2025
MONTALCINO,052037,SIENA,03-03-2025,03-03-2025
MONTEPULCIANO,052015,SIENA,01-01-2025,01-01-2025
MONTERIGGIONI,052016,SIENA,05-03-2025,05-03-2025
PIENZA,052021,SIENA,01-07-2025,
POGGIBONSI,052022,SIENA,20-02-2025,20-02-2025
RADDA IN CHIANTI,052023,SIENA,06-05-2025,06-05-2025
RADICONDOLI,052025,SIENA,17-12-2024,17-12-2024
RAPOLANO TERME,052026,SIENA,08-05-2025,08-05-2025
SARTEANO,052031,SIENA,11-12-2024,11-12-2024
CARLENTINI,089006,SIRACUSA,05-05-2025,
ROSOLINI,089016,SIRACUSA,30-06-2025,
CAMPODOLCINO,014012,SONDRIO,08-05-2025,08-05-2025
CIVO,014022,SONDRIO,18-04-2025,18-04-2025
DAZIO,014025,SONDRIO,09-06-2025,
DELEBIO,014026,SONDRIO,10-06-2025,
DUBINO,014027,SONDRIO,28-05-2025,28-05-2025
FORCOLA,014029,SONDRIO,30-05-2025,
MANTELLO,014039,SONDRIO,05-05-2025,05-05-2025
ROGOLO,014056,SONDRIO,16-05-2025,16-05-2025
SPRIANA,014062,SONDRIO,12-06-2025,
TORRE DI SANTA MARIA,014067,SONDRIO,12-06-2025,
TRAONA,014069,SONDRIO,08-05-2025,08-05-2025
VERCEIA,014075,SONDRIO,11-06-2025,
GESTURI,111027,SUD SARDEGNA,24-10-2024,24-10-2024
LAS PLASSAS,111037,SUD SARDEGNA,13-03-2025,13-03-2025
PISCINAS,111056,SUD SARDEGNA,01-10-2025,
SAN GIOVANNI SUERGIU,111063,SUD SARDEGNA,30-09-2025,
SAN NICOLÒ GERREI,111064,SUD SARDEGNA,03-04-2025,
SANT'ANDREA FRIUS,111069,SUD SARDEGNA,03-03-2025,
SIDDI,111083,SUD SARDEGNA,21-05-2025,21-05-2025
SIURGUS DONIGALA,111086,SUD SARDEGNA,23-06-2025,
TUILI,111091,SUD SARDEGNA,14-01-2025,14-01-2025
TURRI,111092,SUD SARDEGNA,27-05-2025,27-05-2025
USSARAMANNA,111094,SUD SARDEGNA,28-04-2025,28-04-2025
VILLANOVAFORRU,111100,SUD SARDEGNA,19-05-2025,19-05-2025
LIZZANO,073011,TARANTO,23-06-2025,
MARTINA FRANCA,073013,TARANTO,11-06-2025,
TARANTO,073027,TARANTO,01-10-2025,
ANCARANO,067002,TERAMO,25-06-2025,
ATRI,067004,TERAMO,27-09-2024,
CIVITELLA DEL TRONTO,067017,TERAMO,12-06-2025,
CROGNALETO,067023,TERAMO,24-01-2025,24-01-2025
MOSCIANO SANT'ANGELO,067030,TERAMO,12-06-2025,
PIETRACAMELA,067034,TERAMO,02-10-2025,
ROCCA SANTA MARIA,067036,TERAMO,09-05-2025,09-05-2025
AVIGLIANO UMBRO,055033,TERNI,10-07-2025,
GIOVE,055014,TERNI,25-07-2025,
MONTECASTRILLI,055017,TERNI,25-03-2025,25-03-2025
TERNI,055032,TERNI,25-04-2025,
AGLIÈ,001001,TORINO,11-07-2025,
ALBIANO D'IVREA,001004,TORINO,05-08-2025,
ALMESE,001006,TORINO,15-05-2025,15-05-2025
ALPETTE,001007,TORINO,04-06-2025,
ANDEZENO,001009,TORINO,18-06-2025,
ANDRATE,001010,TORINO,22-05-2025,22-05-2025
ARIGNANO,001012,TORINO,11-03-2025,11-03-2025
AZEGLIO,001014,TORINO,19-06-2025,
BAIRO,001015,TORINO,12-06-2025,
BALANGERO,001016,TORINO,27-06-2025,
BALDISSERO CANAVESE,001017,TORINO,17-06-2025,
BARBANIA,001021,TORINO,09-07-2025,
BOLLENGO,001027,TORINO,16-07-2025,
BORGOFRANCO D'IVREA,001030,TORINO,05-09-2025,
BOSCONERO,001033,TORINO,08-07-2025,
BRICHERASIO,001035,TORINO,01-10-2025,
BROSSO,001036,TORINO,04-09-2025,
BRUINO,001038,TORINO,07-03-2025,07-03-2025
BRUZOLO,001040,TORINO,26-05-2025,26-05-2025
BUROLO,001042,TORINO,11-07-2025,
BUSANO,001043,TORINO,08-08-2025,
BUTTIGLIERA ALTA,001045,TORINO,06-05-2025,06-05-2025
CALUSO,001047,TORINO,02-09-2025,
CANDIA CANAVESE,001050,TORINO,04-09-2025,
CANISCHIO,001052,TORINO,25-07-2025,
CANTALUPA,001053,TORINO,06-08-2025,
CARAVINO,001056,TORINO,09-07-2025,
CAREMA,001057,TORINO,16-06-2025,
CASELLE TORINESE,001063,TORINO,25-06-2025,
CASTAGNETO PO,001064,TORINO,29-05-2025,29-05-2025
CASTAGNOLE PIEMONTE,001065,TORINO,30-06-2025,
CASTELLAMONTE,001066,TORINO,12-06-2025,
CASTELNUOVO NIGRA,001067,TORINO,07-07-2025,
CASTIGLIONE TORINESE,001068,TORINO,05-05-2025,05-05-2025
CERCENASCO,001071,TORINO,01-08-2025,
CERES,001072,TORINO,28-05-2025,28-05-2025
CERESOLE REALE,001073,TORINO,13-06-2025,
CESANA TORINESE,001074,TORINO,13-03-2025,13-03-2025
CHIAVERANO,001077,TORINO,17-09-2025,
CHIESANUOVA,001079,TORINO,03-06-2025,
CHIUSA DI SAN MICHELE,001081,TORINO,15-07-2025,
CINTANO,001084,TORINO,10-07-2025,
CINZANO,001085,TORINO,14-07-2025,
CLAVIERE,001087,TORINO,04-03-2025,04-03-2025
COAZZE,001089,TORINO,11-07-2025,
COLLERETTO CASTELNUOVO,001091,TORINO,23-07-2025,
COLLERETTO GIACOSA,001092,TORINO,20-05-2025,20-05-2025
CUCEGLIO,001096,TORINO,28-03-2025,28-03-2025
CUMIANA,001097,TORINO,11-03-2025,11-03-2025
CUORGNÈ,001098,TORINO,07-05-2025,07-05-2025
DRUENTO,001099,TORINO,22-07-2025,
FAVRIA,001101,TORINO,01-10-2025,
FIORANO CANAVESE,001105,TORINO,31-07-2025,
FORNO CANAVESE,001107,TORINO,10-07-2025,
FRASSINETTO,001108,TORINO,07-08-2025,
FRONT,001109,TORINO,19-06-2025,
GRAVERE,001117,TORINO,16-04-2025,16-04-2025
GROSSO,001119,TORINO,30-09-2025,
INGRIA,001121,TORINO,02-01-2025,02-01-2025
INVERSO PINASCA,001122,TORINO,04-04-2025,04-04-2025
ISSIGLIO,001124,TORINO,10-06-2025,
LAURIANO,001129,TORINO,06-12-2024,06-12-2024
LEMIE,001131,TORINO,12-09-2025,
LESSOLO,001132,TORINO,15-07-2025,
LEVONE,001133,TORINO,03-09-2025,
LOCANA,001134,TORINO,14-07-2025,
LOMBRIASCO,001136,TORINO,10-09-2025,
MAGLIONE,001143,TORINO,10-04-2025,10-04-2025
MASSELLO,001145,TORINO,04-09-2025,
MATHI,001146,TORINO,05-02-2025,05-02-2025
MATTIE,001147,TORINO,17-04-2025,17-04-2025
MERCENASCO,001150,TORINO,08-10-2025,
MOMBELLO DI TORINO,001153,TORINO,28-03-2025,28-03-2025
MOMPANTERO,001154,TORINO,04-06-2025,
MONTALDO TORINESE,001158,TORINO,11-03-2025,11-03-2025
MORIONDO TORINESE,001163,TORINO,13-03-2025,13-03-2025
NOMAGLIO,001167,TORINO,04-08-2025,
OGLIANICO,001170,TORINO,01-08-2025,
ORIO CANAVESE,001172,TORINO,02-07-2025,
OULX,001175,TORINO,01-10-2025,
PANCALIERI,001178,TORINO,06-10-2025,
PARELLA,001179,TORINO,21-07-2025,
PAVONE CANAVESE,001181,TORINO,17-07-2025,
PEROSA ARGENTINA,001184,TORINO,01-10-2025,
PEROSA CANAVESE,001185,TORINO,01-08-2025,
PERTUSIO,001187,TORINO,06-08-2025,
PISCINA,001195,TORINO,13-12-2024,13-12-2024
PIVERONE,001196,TORINO,29-10-2025,
POMARETTO,001198,TORINO,25-06-2025,
PONT CANAVESE,001199,TORINO,06-05-2025,06-05-2025
PORTE,001200,TORINO,01-09-2025,
PRAGELATO,001201,TORINO,04-03-2025,04-03-2025
PRASCORSANO,001206,TORINO,11-06-2025,
PRATIGLIONE,001207,TORINO,10-09-2025,
QUAGLIUZZO,001208,TORINO,08-07-2025,
QUASSOLO,001209,TORINO,24-03-2025,24-03-2025
QUINCINETTO,001210,TORINO,10-07-2025,
RIBORDONE,001212,TORINO,20-06-2025,
RIVALBA,001213,TORINO,07-05-2025,07-05-2025
RIVARA,001216,TORINO,16-06-2025,
RIVAROLO CANAVESE,001217,TORINO,01-08-2025,
ROBASSOMERO,001220,TORINO,26-03-2025,26-03-2025
ROCCA CANAVESE,001221,TORINO,18-07-2025,
ROLETTO,001222,TORINO,23-04-2025,23-04-2025
RONCO CANAVESE,001224,TORINO,06-05-2025,06-05-2025
RONDISSONE,001225,TORINO,10-09-2025,
ROSTA,001228,TORINO,21-08-2025,
RUEGLIO,001230,TORINO,12-09-2025,
SALERANO CANAVESE,001233,TORINO,17-09-2025,
SAMONE,001235,TORINO,17-07-2025,
SAN CARLO CANAVESE,001237,TORINO,14-04-2025,14-04-2025
SAN COLOMBANO BELMONTE,001238,TORINO,29-05-2025,29-05-2025
SAN DIDERO,001239,TORINO,12-06-2025,
SAN GILLIO,001243,TORINO,18-04-2025,
SAN GIORGIO CANAVESE,001244,TORINO,06-03-2025,06-03-2025
SAN MAURIZIO CANAVESE,001248,TORINO,17-06-2025,
SAN PIETRO VAL LEMINA,001250,TORINO,27-03-2025,27-03-2025
SAN PONSO,001251,TORINO,04-08-2025,
SAN SECONDO DI PINEROLO,001254,TORINO,22-05-2025,22-05-2025
SANT'AMBROGIO DI TORINO,001255,TORINO,10-12-2024,10-12-2024
SANT'ANTONINO DI SUSA,001256,TORINO,05-05-2025,05-05-2025
SANTENA,001257,TORINO,12-06-2025,
SAUZE D'OULX,001259,TORINO,06-03-2025,06-03-2025
SAUZE DI CESANA,001258,TORINO,06-03-2025,06-03-2025
SCALENGHE,001260,TORINO,16-04-2025,16-04-2025
SCARMAGNO,001261,TORINO,19-06-2025,
SCIOLZE,001262,TORINO,03-04-2025,03-04-2025
SESTRIERE,001263,TORINO,13-03-2025,13-03-2025
SETTIMO ROTTARO,001264,TORINO,01-09-2025,
TAVAGNASCO,001271,TORINO,17-06-2025,
USSEAUX,001281,TORINO,27-02-2025,27-02-2025
VAL DI CHY,001317,TORINO,26-06-2025,
VALPERGA,001287,TORINO,30-04-2025,30-04-2025
VALPRATO SOANA,001288,TORINO,21-07-2025,
VARISELLA,001289,TORINO,25-06-2025,
VAUDA CANAVESE,001290,TORINO,18-06-2025,
VERRUA SAVOIA,001294,TORINO,18-06-2025,
VILLANOVA CANAVESE,001301,TORINO,16-04-2025,16-04-2025
VILLAR DORA,001303,TORINO,08-05-2025,08-05-2025
VILLASTELLONE,001308,TORINO,25-06-2025,
VISTRORIO,001312,TORINO,10-06-2025,
VIÙ,001313,TORINO,01-09-2025,
ALBIANO,022002,TRENTO,31-07-2025,
BEDOLLO,022011,TRENTO,29-05-2025,29-05-2025
BONDONE,022021,TRENTO,25-02-2025,25-02-2025
BORGO D'ANAUNIA,022252,TRENTO,01-01-2025,
BORGO LARES,022239,TRENTO,12-06-2025,
CAPRIANA,022040,TRENTO,05-08-2025,
CASTEL CONDINO,022045,TRENTO,26-02-2025,26-02-2025
CASTEL IVANO,022240,TRENTO,01-07-2025,
CAVARENO,022051,TRENTO,15-04-2025,15-04-2025
CAVEDINE,022053,TRENTO,24-06-2025,
COMMEZZADURA,022064,TRENTO,19-04-2025,22-04-2025
CROVIANA,022068,TRENTO,31-07-2025,
FORNACE,022089,TRENTO,08-05-2025,08-05-2025
PANCHIÀ,022134,TRENTO,13-06-2025,
PORTE DI RENDENA,022244,TRENTO,30-06-2025,
RIVA DEL GARDA,022153,TRENTO,12-08-2025,
ROMENO,022155,TRENTO,23-06-2025,
STORO,022183,TRENTO,27-02-2025,27-02-2025
TERZOLAS,022195,TRENTO,30-06-2025,
TIONE DI TRENTO,022199,TRENTO,15-10-2025,
VALFLORIANA,022209,TRENTO,27-03-2025,27-03-2025
VILLA LAGARINA,022222,TRENTO,11-09-2025,
VILLE DI FIEMME,022254,TRENTO,17-06-2025,
BORSO DEL GRAPPA,026004,TREVISO,14-05-2025,14-05-2025
CASIER,026010,TREVISO,08-07-2025,
CASTELCUCCO,026011,TREVISO,29-07-2025,
CAVASO DEL TOMBA,026014,TREVISO,16-07-2025,
CHIARANO,026016,TREVISO,01-04-2025,01-04-2025
CODOGNÈ,026019,TREVISO,23-07-2025,
COLLE UMBERTO,026020,TREVISO,16-07-2025,
CORNUDA,026023,TREVISO,10-03-2025,10-03-2025
FREGONA,026030,TREVISO,24-04-2025,24-04-2025
GIAVERA DEL MONTELLO,026032,TREVISO,27-06-2025,
ISTRANA,026035,TREVISO,06-08-2025,
MIANE,026042,TREVISO,24-06-2025,
PAESE,026055,TREVISO,17-07-2025,
PEDEROBBA,026056,TREVISO,24-07-2025,
PONZANO VENETO,026059,TREVISO,15-12-2025,
REFRONTOLO,026065,TREVISO,29-07-2025,
SALGAREDA,026070,TREVISO,15-09-2025,
TARZO,026084,TREVISO,15-05-2025,15-05-2025
VALDOBBIADENE,026087,TREVISO,31-07-2025,
SAN DORLIGO DELLA VALLE-DOLINA,032004,TRIESTE,24-10-2025,
AMARO,030002,UDINE,01-10-2025,
AQUILEIA,030004,UDINE,30-10-2025,
ATTIMIS,030007,UDINE,31-10-2025,
BASILIANO,030009,UDINE,30-10-2025,
BUTTRIO,030014,UDINE,31-10-2025,
CASSACCO,030019,UDINE,30-11-2025,
CAVAZZO CARNICO,030021,UDINE,01-10-2025,
COSEANO,030031,UDINE,30-09-2025,
ENEMONZO,030035,UDINE,31-10-2025,
FAEDIS,030036,UDINE,30-10-2025,
FIUMICELLO VILLA VICENTINA,030190,UDINE,30-10-2025,
FLAIBANO,030039,UDINE,02-09-2025,
FORNI DI SOPRA,030041,UDINE,01-10-2025,
GONARS,030044,UDINE,27-11-2025,
NIMIS,030065,UDINE,31-10-2025,
POZZUOLO DEL FRIULI,030079,UDINE,30-12-2025,
RAVEO,030089,UDINE,31-10-2025,
SAN GIORGIO DI NOGARO,030100,UDINE,30-09-2025,
SANTA MARIA LA LONGA,030104,UDINE,04-09-2025,
SAURIS,030107,UDINE,31-12-2025,
SOCCHIEVE,030110,UDINE,31-10-2025,
STREGNA,030111,UDINE,03-06-2025,
SUTRIO,030112,UDINE,01-10-2025,
TAIPANA,030113,UDINE,30-10-2025,
TAVAGNACCO,030118,UDINE,30-10-2025,
TERZO D'AQUILEIA,030120,UDINE,31-10-2025,
TOLMEZZO,030121,UDINE,01-10-2025,
TREPPO GRANDE,030126,UDINE,04-06-2025,
UDINE,030129,UDINE,31-10-2025,
VERZEGNIS,030132,UDINE,01-10-2025,
VILLA SANTINA,030133,UDINE,31-10-2025,
AGRA,012001,VARESE,28-04-2025,28-04-2025
AZZATE,012006,VARESE,23-06-2025,
BARDELLO CON MALGESSO E BREGANO,012144,VARESE,09-07-2025,
BRENTA,012019,VARESE,01-04-2025,01-04-2025
BRISSAGO-VALTRAVAGLIA,012022,VARESE,06-10-2025,
BRUSIMPIANO,012024,VARESE,17-06-2025,
CARONNO PERTUSELLA,012034,VARESE,09-06-2025,
CASALZUIGNO,012037,VARESE,28-04-2025,28-04-2025
CASORATE SEMPIONE,012039,VARESE,23-05-2025,23-05-2025
CASSANO MAGNAGO,012040,VARESE,25-07-2025,
CASSANO VALCUVIA,012041,VARESE,03-07-2025,
CUASSO AL MONTE,012058,VARESE,05-05-2025,05-05-2025
CURIGLIA CON MONTEVIASCO,012061,VARESE,28-04-2025,28-04-2025
DAVERIO,012064,VARESE,01-09-2025,
DUMENZA,012065,VARESE,28-04-2025,28-04-2025
FAGNANO OLONA,012067,VARESE,29-07-2025,
GAZZADA SCHIANNO,012073,VARESE,02-05-2025,02-05-2025
GEMONIO,012074,VARESE,11-06-2025,
GERMIGNAGA,012076,VARESE,29-05-2025,29-05-2025
GOLASECCA,012077,VARESE,24-06-2025,
MACCAGNO CON PINO E VEDDASCA,012142,VARESE,14-05-2025,14-05-2025
MALNATE,012096,VARESE,12-12-2024,12-12-2024
RANCO,012116,VARESE,07-05-2025,07-05-2025
SOMMA LOMBARDO,012123,VARESE,27-11-2024,27-11-2024
TRADATE,012127,VARESE,15-09-2025,
TRONZANO LAGO MAGGIORE,012129,VARESE,28-04-2025,28-04-2025
VENEGONO SUPERIORE,012137,VARESE,26-06-2025,
CAMPONOGARA,027004,VENEZIA,16-06-2025,
CONA,027010,VENEZIA,02-12-2024,02-12-2024
DOLO,027012,VENEZIA,20-05-2025,20-05-2025
ERACLEA,027013,VENEZIA,01-10-2025,
FOSSÒ,027017,VENEZIA,13-06-2025,
MARTELLAGO,027021,VENEZIA,29-01-2025,29-01-2025
NOALE,027026,VENEZIA,23-07-2025,
SAN STINO DI LIVENZA,027036,VENEZIA,31-07-2025,
TEGLIO VENETO,027040,VENEZIA,24-07-2025,
ANTRONA SCHIERANCO,103001,VERBANO-CUSIO-OSSOLA,23-01-2025,23-01-2025
AROLA,103004,VERBANO-CUSIO-OSSOLA,04-08-2025,
BANNIO ANZINO,103007,VERBANO-CUSIO-OSSOLA,15-04-2025,15-04-2025
BROVELLO-CARPUGNINO,103013,VERBANO-CUSIO-OSSOLA,14-01-2025,14-01-2025
CALASCA-CASTIGLIONE,103014,VERBANO-CUSIO-OSSOLA,02-09-2025,
COSSOGNO,103023,VERBANO-CUSIO-OSSOLA,08-04-2025,08-04-2025
CRAVEGGIA,103024,VERBANO-CUSIO-OSSOLA,11-02-2025,11-02-2025
DRUOGNO,103029,VERBANO-CUSIO-OSSOLA,30-06-2025,
FORMAZZA,103031,VERBANO-CUSIO-OSSOLA,26-05-2025,26-05-2025
GERMAGNO,103032,VERBANO-CUSIO-OSSOLA,21-11-2024,21-11-2024
GHIFFA,103033,VERBANO-CUSIO-OSSOLA,25-08-2025,
LOREGLIA,103038,VERBANO-CUSIO-OSSOLA,22-11-2024,22-11-2024
MASSIOLA,103043,VERBANO-CUSIO-OSSOLA,15-01-2025,15-01-2025
MONTESCHENO,103047,VERBANO-CUSIO-OSSOLA,25-09-2025,
NONIO,103048,VERBANO-CUSIO-OSSOLA,01-09-2025,
OGGEBBIO,103049,VERBANO-CUSIO-OSSOLA,04-12-2024,04-12-2024
ORNAVASSO,103051,VERBANO-CUSIO-OSSOLA,18-04-2025,18-04-2025
PALLANZENO,103052,VERBANO-CUSIO-OSSOLA,02-09-2025,
PREMIA,103056,VERBANO-CUSIO-OSSOLA,17-12-2024,17-12-2024
RE,103060,VERBANO-CUSIO-OSSOLA,30-07-2025,
SANTA MARIA MAGGIORE,103062,VERBANO-CUSIO-OSSOLA,01-04-2025,01-04-2025
TRAREGO VIGGIONA,103066,VERBANO-CUSIO-OSSOLA,08-07-2025,
TRASQUERA,103067,VERBANO-CUSIO-OSSOLA,18-06-2025,
VALSTRONA,103069,VERBANO-CUSIO-OSSOLA,18-02-2025,18-02-2025
VIGNONE,103074,VERBANO-CUSIO-OSSOLA,20-02-2025,20-02-2025
ARBORIO,002006,VERCELLI,04-07-2025,
BALMUCCIA,002008,VERCELLI,24-07-2025,
BORGO VERCELLI,002017,VERCELLI,01-10-2025,
CROVA,002052,VERCELLI,06-06-2025,
GATTINARA,002061,VERCELLI,24-03-2025,24-03-2025
GHISLARENGO,002062,VERCELLI,16-04-2025,16-04-2025
GREGGIO,002065,VERCELLI,28-04-2025,28-04-2025
LOZZOLO,002072,VERCELLI,19-06-2025,
MOLLIA,002078,VERCELLI,01-07-2025,
OLDENICO,002089,VERCELLI,04-02-2025,04-02-2025
PALAZZOLO VERCELLESE,002090,VERCELLI,30-06-2025,
PIODE,002097,VERCELLI,01-09-2025,
POSTUA,002102,VERCELLI,22-08-2025,
RASSA,002110,VERCELLI,24-06-2025,
RIMELLA,002113,VERCELLI,14-04-2025,14-04-2025
RIVE,002115,VERCELLI,23-06-2025,
ROSSA,002121,VERCELLI,26-03-2025,26-03-2025
ROVASENDA,002122,VERCELLI,10-07-2025,
SALASCO,002126,VERCELLI,19-05-2025,19-05-2025
SALUGGIA,002128,VERCELLI,16-06-2025,
SANTHIÀ,002133,VERCELLI,30-06-2025,
SCOPELLO,002135,VERCELLI,17-04-2025,17-04-2025
SERRAVALLE SESIA,002137,VERCELLI,31-10-2023,31-10-2023
TRONZANO VERCELLESE,002150,VERCELLI,20-03-2025,20-03-2025
VARALLO,002156,VERCELLI,04-04-2025,04-04-2025
VOCCA,002166,VERCELLI,07-07-2025,
BONAVIGO,023009,VERONA,22-04-2025,22-04-2025
COLOGNA VENETA,023027,VERONA,24-07-2025,
FUMANE,023035,VERONA,04-06-2025,
ISOLA DELLA SCALA,023040,VERONA,14-04-2025,14-04-2025
MONTECCHIA DI CROSARA,023049,VERONA,08-05-2025,08-05-2025
RIVOLI VERONESE,023062,VERONA,22-07-2025,
SAN GIOVANNI ILARIONE,023070,VERONA,22-07-2025,
SANT'AMBROGIO DI VALPOLICELLA,023077,VERONA,29-05-2025,29-05-2025
SANT'ANNA D'ALFAEDO,023078,VERONA,18-06-2025,
SOAVE,023081,VERONA,07-07-2025,
SOMMACAMPAGNA,023082,VERONA,14-04-2025,14-04-2025
VALEGGIO SUL MINCIO,023089,VERONA,31-10-2023,31-10-2023
LIMBADI,102019,VIBO VALENTIA,08-09-2024,
SERRA SAN BRUNO,102037,VIBO VALENTIA,19-09-2025,
TROPEA,102044,VIBO VALENTIA,31-10-2023,31-10-2023
ALBETTONE,024002,VICENZA,20-06-2025,
BOLZANO VICENTINO,024013,VICENZA,16-06-2025,
BROGLIANO,024017,VICENZA,06-08-2025,
CALVENE,024020,VICENZA,25-06-2025,
CASSOLA,024026,VICENZA,26-06-2025,
CRESPADORO,024037,VICENZA,20-06-2025,
GAMBELLARA,024043,VICENZA,29-04-2025,29-04-2025
LUGO DI VICENZA,024053,VICENZA,09-09-2025,
MONTEVIALE,024066,VICENZA,03-04-2025,03-04-2025
NOVENTA VICENTINA,024074,VICENZA,26-03-2025,26-03-2025
PEDEMONTE,024076,VICENZA,11-07-2025,
ROSÀ,024087,VICENZA,10-07-2025,
TONEZZA DEL CIMONE,024106,VICENZA,01-08-2025,
VAL LIONA,024123,VICENZA,10-07-2025,
VELO D'ASTICO,024115,VICENZA,16-06-2025,
ZERMEGHEDO,024120,VICENZA,11-06-2025,
ZOVENCEDO,024121,VICENZA,05-05-2025,05-05-2025
BAGNOREGIO,056003,VITERBO,13-06-2025,
BOLSENA,056008,VITERBO,01-08-2025,
BOMARZO,056009,VITERBO,04-07-2025,
CAPRANICA,056014,VITERBO,13-05-2025,13-05-2025
ISCHIA DI CASTRO,056031,VITERBO,22-04-2025,22-04-2025
VALLERANO,056054,VITERBO,04-09-2025,
VETRALLA,056057,VITERBO,25-02-2025,25-02-2025